{"loss": [0.1426631212234497, 0.09428062289953232, 0.09057984501123428, 0.08797791600227356, 0.08560425788164139, 0.08238741010427475, 0.0840027704834938, 0.08617933094501495, 0.09222860634326935, 0.0800383985042572, 0.0805533304810524, 0.07494266331195831, 0.07648367434740067, 0.06990030407905579, 0.06755954772233963, 0.06567531824111938, 0.07163920253515244, 0.0638050064444542, 0.06510229408740997, 0.061033643782138824, 0.05968888849020004, 0.06123538315296173, 0.05498470366001129, 0.06295883655548096, 0.05388764292001724, 0.05100167170166969, 0.048357073217630386, 0.045860644429922104, 0.04841240495443344, 0.04362312704324722, 0.04099015146493912, 0.038557957857847214, 0.03629620745778084, 0.03413466364145279, 0.0319448858499527, 0.029857328161597252, 0.03196541592478752, 0.02879798226058483, 0.02683946304023266, 0.024946056306362152, 0.023165039718151093, 0.02163035236299038, 0.020411480218172073, 0.01880595274269581, 0.01729009300470352, 0.01582261174917221, 0.01448699738830328, 0.021919354796409607, 0.020741332322359085, 0.023354850709438324, 0.02059832774102688, 0.01889122650027275, 0.026028573513031006, 0.021614957600831985, 0.019917989149689674, 0.018466096371412277, 0.017066366970539093], "accuracy": [0.9846875071525574, 1.0, 1.0, 1.0, 0.9996874928474426, 1.0, 0.9984375238418579, 0.9978125095367432, 0.9962499737739563, 0.9993749856948853, 0.9993749856948853, 0.9996874928474426, 0.9990624785423279, 1.0, 0.9996874928474426, 0.9996874928474426, 0.9965624809265137, 1.0, 0.9987499713897705, 0.9990624785423279, 0.9996874928474426, 0.9993749856948853, 1.0, 0.9978125095367432, 1.0, 1.0, 1.0, 1.0, 0.9987499713897705, 1.0, 1.0, 1.0, 1.0, 1.0, 1.0, 1.0, 0.9990624785423279, 1.0, 1.0, 1.0, 1.0, 1.0, 1.0, 1.0, 1.0, 1.0, 1.0, 0.9987499713897705, 1.0, 0.9993749856948853, 1.0, 1.0, 0.9990624785423279, 1.0, 1.0, 1.0, 1.0], "val_loss": [0.44906479120254517, 0.21415401995182037, 0.11234740167856216, 0.08932304382324219, 0.08381127566099167, 0.08050335198640823, 0.07950369268655777, 0.07920187711715698, 0.0796632245182991, 0.07762076705694199, 0.07513970881700516, 0.07259459048509598, 0.07102901488542557, 0.06819858402013779, 0.06553029268980026, 0.06321365386247635, 0.06467869132757187, 0.06207650527358055, 0.06075442209839821, 0.05884001404047012, 0.05708844214677811, 0.05607052147388458, 0.053466834127902985, 0.05434846878051758, 0.05203711614012718, 0.0495150089263916, 0.04700372740626335, 0.044527433812618256, 0.04416454955935478, 0.04191199690103531, 0.03962751477956772, 0.03732113167643547, 0.03507375344634056, 0.03290208429098129, 0.03078531287610531, 0.02873656526207924, 0.029675204306840897, 0.02768108807504177, 0.025803469121456146, 0.023960618302226067, 0.022198617458343506, 0.02072705700993538, 0.01953773759305477, 0.017980096861720085, 0.016496624797582626, 0.015090534463524818, 0.01380939967930317, 0.018888922408223152, 0.019354425370693207, 0.0211980938911438, 0.019628198817372322, 0.018056387081742287, 0.02214047499001026, 0.02059442363679409, 0.019094623625278473, 0.017677875235676765, 0.016342829912900925], "val_accuracy": [1.0, 1.0, 1.0, 1.0, 1.0, 1.0, 1.0, 1.0, 1.0, 1.0, 1.0, 1.0, 1.0, 1.0, 1.0, 1.0, 1.0, 1.0, 1.0, 1.0, 1.0, 1.0, 1.0, 1.0, 1.0, 1.0, 1.0, 1.0, 1.0, 1.0, 1.0, 1.0, 1.0, 1.0, 1.0, 1.0, 1.0, 1.0, 1.0, 1.0, 1.0, 1.0, 1.0, 1.0, 1.0, 1.0, 1.0, 1.0, 1.0, 1.0, 1.0, 1.0, 1.0, 1.0, 1.0, 1.0, 1.0]}