{"loss": [0.3776227533817291, 0.12001124024391174, 0.09582683444023132, 0.08755096793174744, 0.07932987809181213, 0.08148390799760818, 0.07076868414878845, 0.07399577647447586, 0.07448666542768478, 0.07408446818590164, 0.06821969151496887, 0.0657937079668045, 0.06997926533222198, 0.06927323341369629, 0.0708436444401741, 0.06703688949346542, 0.06934383511543274, 0.07465089857578278, 0.07736143469810486, 0.06579063087701797, 0.06842581182718277, 0.06579098850488663, 0.06416985392570496, 0.07631233334541321, 0.06655047088861465, 0.06440071761608124, 0.06790824979543686, 0.06495621055364609, 0.06357070803642273, 0.06032996252179146, 0.06161686033010483, 0.06007619947195053, 0.0666017234325409, 0.059097032994031906, 0.057748135179281235, 0.055714741349220276, 0.06266221404075623, 0.056861910969018936, 0.058678608387708664, 0.05586050823330879, 0.05140049010515213, 0.050689563155174255, 0.05271054431796074, 0.0544850155711174, 0.054327864199876785, 0.04808938875794411, 0.04989798367023468, 0.053563378751277924, 0.05131020024418831, 0.05408499389886856], "accuracy": [0.8525000214576721, 0.981249988079071, 0.9887499809265137, 0.9928125143051147, 0.9937499761581421, 0.995312511920929, 0.996874988079071, 0.9956250190734863, 0.9950000047683716, 0.995312511920929, 0.9971874952316284, 0.9984375238418579, 0.9975000023841858, 0.9971874952316284, 0.9962499737739563, 0.996874988079071, 0.9959375262260437, 0.9950000047683716, 0.9943749904632568, 0.996874988079071, 0.9956250190734863, 0.9965624809265137, 0.9971874952316284, 0.9937499761581421, 0.9956250190734863, 0.996874988079071, 0.9959375262260437, 0.9950000047683716, 0.9965624809265137, 0.9984375238418579, 0.9975000023841858, 0.9975000023841858, 0.9978125095367432, 0.9987499713897705, 0.9987499713897705, 0.9981250166893005, 0.9971874952316284, 0.9981250166893005, 0.9971874952316284, 0.9981250166893005, 0.9993749856948853, 0.9990624785423279, 0.9981250166893005, 0.9965624809265137, 0.9981250166893005, 0.9996874928474426, 0.9987499713897705, 0.9975000023841858, 0.9971874952316284, 0.9971874952316284], "val_loss": [0.5381843447685242, 0.17179469764232635, 0.06415131688117981, 0.06139911338686943, 0.06106259673833847, 0.06084028258919716, 0.06059424579143524, 0.0603196956217289, 0.0600346177816391, 0.05983066186308861, 0.059463076293468475, 0.05912046507000923, 0.058838509023189545, 0.058460578322410583, 0.0581296905875206, 0.05779002979397774, 0.0575210377573967, 0.05742054805159569, 0.057267818599939346, 0.05689825490117073, 0.05660467594861984, 0.056271910667419434, 0.05584995821118355, 0.055694807320833206, 0.05530836433172226, 0.054958462715148926, 0.05463029444217682, 0.05440625548362732, 0.05411322042346001, 0.05356385558843613, 0.053160108625888824, 0.05274031683802605, 0.05228415131568909, 0.05166933685541153, 0.0511346161365509, 0.05063873901963234, 0.05042324587702751, 0.04984452575445175, 0.049478985369205475, 0.04897754266858101, 0.048381492495536804, 0.047774992883205414, 0.04725790023803711, 0.04708755016326904, 0.046831678599119186, 0.046241942793130875, 0.045653119683265686, 0.04538387805223465, 0.04513423144817352, 0.044664233922958374], "val_accuracy": [0.9937499761581421, 0.9950000047683716, 1.0, 1.0, 1.0, 1.0, 1.0, 1.0, 1.0, 1.0, 1.0, 1.0, 1.0, 1.0, 1.0, 1.0, 1.0, 1.0, 1.0, 1.0, 1.0, 1.0, 1.0, 1.0, 1.0, 1.0, 1.0, 1.0, 1.0, 1.0, 1.0, 1.0, 1.0, 1.0, 1.0, 1.0, 1.0, 1.0, 1.0, 1.0, 1.0, 1.0, 1.0, 1.0, 1.0, 1.0, 1.0, 1.0, 1.0, 1.0]}