{"loss": [0.41870978474617004, 0.12074902653694153, 0.10398474335670471, 0.09715570509433746, 0.08738911896944046, 0.07569067925214767, 0.08255663514137268, 0.07585655152797699, 0.07309097051620483, 0.07719331979751587, 0.06873392313718796, 0.06766171753406525, 0.07553187757730484, 0.07246886938810349, 0.06713183969259262, 0.07029665261507034, 0.07720265537500381, 0.06564066559076309, 0.08562527596950531, 0.06993942707777023, 0.0659882053732872, 0.06676044315099716, 0.06390254199504852, 0.07002230733633041, 0.07383556663990021, 0.06740854680538177, 0.06608112901449203, 0.06128638610243797, 0.057972926646471024, 0.06150759756565094, 0.059695564210414886, 0.06189461797475815, 0.05802386254072189, 0.05732766538858414, 0.061752840876579285, 0.06152743846178055, 0.05657029524445534, 0.056299299001693726, 0.05135400593280792, 0.05196790397167206, 0.048447299748659134, 0.05277647450566292, 0.05169117450714111, 0.05062383785843849, 0.058484841138124466, 0.05319270119071007, 0.06019633635878563, 0.04909849539399147, 0.05159536004066467, 0.052284903824329376], "accuracy": [0.8384374976158142, 0.9825000166893005, 0.9871875047683716, 0.989062488079071, 0.9921875, 0.9959375262260437, 0.9931250214576721, 0.995312511920929, 0.9940624833106995, 0.9934375286102295, 0.9975000023841858, 0.9981250166893005, 0.9937499761581421, 0.9956250190734863, 0.9971874952316284, 0.9962499737739563, 0.9943749904632568, 0.9971874952316284, 0.9921875, 0.9978125095367432, 0.9975000023841858, 0.9965624809265137, 0.9978125095367432, 0.996874988079071, 0.9940624833106995, 0.9956250190734863, 0.9962499737739563, 0.9981250166893005, 0.9987499713897705, 0.9978125095367432, 0.9981250166893005, 0.9971874952316284, 0.9981250166893005, 0.9978125095367432, 0.9971874952316284, 0.996874988079071, 0.9971874952316284, 0.9987499713897705, 0.9996874928474426, 0.9987499713897705, 1.0, 0.9987499713897705, 0.9981250166893005, 0.9984375238418579, 0.9959375262260437, 0.9981250166893005, 0.9956250190734863, 0.9984375238418579, 0.9981250166893005, 0.9981250166893005], "val_loss": [0.6186128854751587, 0.1581241339445114, 0.06393172591924667, 0.0612778514623642, 0.06075948849320412, 0.06043204665184021, 0.06019967421889305, 0.06004733964800835, 0.059884291142225266, 0.05968222767114639, 0.059411343187093735, 0.059119246900081635, 0.05896953120827675, 0.05876665189862251, 0.05850156769156456, 0.058316249400377274, 0.05821466073393822, 0.05786999315023422, 0.057796549052000046, 0.05743510648608208, 0.057017307728528976, 0.056687578558921814, 0.05631682276725769, 0.056011587381362915, 0.05578342080116272, 0.05540494620800018, 0.05504538491368294, 0.05455349385738373, 0.054058738052845, 0.05356953665614128, 0.05307029187679291, 0.05270670726895332, 0.05222035571932793, 0.051661405712366104, 0.051309216767549515, 0.05087456852197647, 0.05035454407334328, 0.049787282943725586, 0.0490250401198864, 0.048391491174697876, 0.047483958303928375, 0.04681289196014404, 0.046614546328783035, 0.046041060239076614, 0.04591948539018631, 0.04536283016204834, 0.04546911269426346, 0.04497021064162254, 0.044463083148002625, 0.04421927407383919], "val_accuracy": [0.48374998569488525, 0.9887499809265137, 1.0, 1.0, 1.0, 1.0, 1.0, 1.0, 1.0, 1.0, 1.0, 1.0, 1.0, 1.0, 1.0, 1.0, 1.0, 1.0, 1.0, 1.0, 1.0, 1.0, 1.0, 1.0, 1.0, 1.0, 1.0, 1.0, 1.0, 1.0, 1.0, 1.0, 1.0, 1.0, 1.0, 1.0, 1.0, 1.0, 1.0, 1.0, 1.0, 1.0, 1.0, 1.0, 1.0, 1.0, 1.0, 1.0, 1.0, 1.0]}